date,profits_nom,inv_nom,gdpdef,profits_real,inv_real,d_profits_real,inv_real_lag,IROR,IROR_pct
1963Q2,64.548,45766.0,15.995,403.5511097217881,286126.91466083156,20.792920957461718,277409.6574184255,7.495384678010369e-05,0.007495384678010369
1963Q3,66.002,47119.0,16.016,412.10039960039967,294199.5504495505,8.549289878611546,286126.91466083156,2.9879362760213185e-05,0.0029879362760213183
1963Q4,67.2,48550.0,16.146,416.20215533259005,300693.67025888764,4.101755732190384,294199.5504495505,1.3942087015166106e-05,0.0013942087015166105
1964Q1,70.773,49624.0,16.197,436.95128727542135,306377.72426992655,20.749131942831298,300693.67025888764,6.900421922738499e-05,0.006900421922738499
1964Q2,71.243,51001.0,16.234,438.85056055192797,314161.63607244054,1.8992732765066194,306377.72426992655,6.199123258821883e-06,0.0006199123258821882
1964Q3,72.604,52678.0,16.299,445.45064114362845,323197.74219277257,6.6000805917004755,314161.63607244054,2.100855048443472e-05,0.0021008550484434723
1964Q4,72.324,54090.0,16.373,441.72723386062415,330360.9601172662,-3.723407283004292,323197.74219277257,-1.1520523806083555e-05,-0.0011520523806083556
1965Q1,80.194,57701.0,16.455,487.35338802795513,350659.3740504407,45.62615416733098,330360.9601172662,0.00013811000594965986,0.013811000594965987
1965Q2,82.234,60143.0,16.531,497.4532696146634,363819.49065392296,10.09988158670825,350659.3740504407,2.8802542678512367e-05,0.0028802542678512365
1965Q3,83.644,62815.0,16.595,504.0313347393794,378517.6257909009,6.5780651247160336,363819.49065392296,1.808057372872666e-05,0.001808057372872666
1965Q4,87.892,66132.0,16.709,526.0159195643067,395786.7017774852,21.98458482492731,378517.6257909009,5.8080742684019535e-05,0.005808074268401953
1966Q1,91.642,69416.0,16.816,544.9690770694577,412797.3358705995,18.95315750515101,395786.7017774852,4.7887302478916145e-05,0.004788730247891615
1966Q2,91.106,71614.0,16.954,537.3717116904566,422401.7930871771,-7.5973653790011895,412797.3358705995,-1.8404589174438744e-05,-0.0018404589174438745
1966Q3,89.664,73030.0,17.118,523.7995092884682,426626.94239981304,-13.572202401988307,422401.7930871771,-3.213102459341885e-05,-0.0032131024593418846
1966Q4,91.043,73734.0,17.261,527.4491628526738,427171.07931174326,3.6496535642055505,426626.94239981304,8.554672013154953e-06,0.0008554672013154954
1967Q1,88.722,72873.0,17.333,511.8675359141522,420429.2390238274,-15.581626938521595,427171.07931174326,-3.647631521222519e-05,-0.0036476315212225193
1967Q2,87.918,73153.0,17.421,504.6667814706389,419912.7489811147,-7.20075444351329,420429.2390238274,-1.7127149529924095e-05,-0.0017127149529924095
1967Q3,88.647,73581.0,17.588,504.01978621787583,418359.1084830566,-0.6469952527630767,419912.7489811147,-1.5407849710039998e-06,-0.00015407849710039997
1967Q4,92.17,75874.0,17.784,518.2748538011696,426641.9253261359,14.255067583293737,418359.1084830566,3.407375934751774e-05,0.0034073759347517736
1968Q1,92.735,78792.0,17.981,515.7388354374061,438195.8734219453,-2.5360183637634464,426641.9253261359,-5.944137725857228e-06,-0.0005944137725857227
1968Q2,96.508,78596.0,18.171,531.1100104562215,432535.35853833036,15.371175018815393,438195.8734219453,3.5078319881881365e-05,0.0035078319881881367
1968Q3,97.25,80320.0,18.349,530.0016349664832,437735.02643195813,-1.1083754897383642,432535.35853833036,-2.5625084004320592e-06,-0.0002562508400432059
1968Q4,99.302,83645.0,18.608,533.652192605331,449510.9630266552,3.6505576388478858,437735.02643195813,8.339651657771397e-06,0.0008339651657771397
1969Q1,98.588,86385.0,18.8,524.4042553191489,459494.6808510638,-9.24793728618215,449510.9630266552,-2.0573329789141902e-05,-0.0020573329789141904
1969Q2,96.569,88085.0,19.039,507.21676558642787,462655.60165975103,-17.18748973272102,459494.6808510638,-3.7405198469080876e-05,-0.003740519846908088
1969Q3,94.468,91011.0,19.307,489.29403843165693,471388.61552804685,-17.92272715477094,462655.60165975103,-3.8738809365917454e-05,-0.0038738809365917453
1969Q4,89.96,91637.0,19.556,460.0122724483534,468587.6457353242,-29.281765983303558,471388.61552804685,-6.211810175029851e-05,-0.006211810175029852
1970Q1,83.211,92022.0,19.832,419.5794675272287,464007.6643807987,-40.43280492112467,468587.6457353242,-8.628653633767082e-05,-0.008628653633767082
1970Q2,87.644,92791.0,20.108,435.8663218619455,461463.0992639745,16.286854334716793,464007.6643807987,3.510039937907277e-05,0.0035100399379072765
1970Q3,86.826,93452.0,20.273,428.2839244315099,460967.789670991,-7.582397430435606,461463.0992639745,-1.6431210735006538e-05,-0.001643121073500654
1970Q4,81.904,91062.0,20.541,398.7342388393943,443318.24156564916,-29.549685592115566,460967.789670991,-6.41035800206479e-05,-0.006410358002064791
1971Q1,94.801,92610.0,20.853,454.61564283316545,444108.76132930507,55.88140399377113,443318.24156564916,0.00012605257071402482,0.012605257071402481
1971Q2,96.1,94649.0,21.127,454.8681781606475,448000.18933118763,0.25253532748206453,444108.76132930507,5.686339686841046e-07,5.686339686841046e-05
1971Q3,97.824,95823.0,21.342,458.3637897104301,448987.91116109083,3.495611549782609,448000.18933118763,7.802701054660607e-06,0.0007802701054660607
1971Q4,101.91,98583.0,21.52,473.5594795539033,458099.44237918215,15.19568984347319,448987.91116109083,3.384431844540505e-05,0.003384431844540505
1972Q1,106.628,103422.0,21.848,488.0446722812157,473370.5602343464,14.48519272731238,458099.44237918215,3.16201928823187e-05,0.0031620192882318696
1972Q2,108.211,106093.0,21.984,492.2261644832605,482591.885007278,4.181492202044808,473370.5602343464,8.83344371896453e-06,0.0008833443718964531
1972Q3,113.264,108256.0,22.194,510.336126881139,487771.4697666036,18.10996239787852,482591.885007278,3.752645446494692e-05,0.0037526454464946925
1972Q4,120.584,113683.0,22.477,536.477287894292,505774.7920096098,26.141161013152953,487771.4697666036,5.35930505030591e-05,0.00535930505030591
1973Q1,126.635,118648.0,22.736,556.9801196340605,521850.80928923294,20.502831739768567,505774.7920096098,4.0537472534572284e-05,0.004053747253457228
1973Q2,123.469,124416.0,23.086,534.8219700251235,538924.0232175345,-22.158149608937038,521850.80928923294,-4.246069798975056e-05,-0.004246069798975056
1973Q3,124.129,128443.0,23.535,527.4229870405778,545753.1336307627,-7.3989829845456825,538924.0232175345,-1.3729176406669688e-05,-0.0013729176406669689
1973Q4,127.699,131694.0,24.004,531.9905015830694,548633.5610731544,4.567514542491608,545753.1336307627,8.36919526619123e-06,0.000836919526619123
1974Q1,122.344,135263.0,24.457,500.24123972686755,553064.562293004,-31.749261856201883,548633.5610731544,-5.7869704132023485e-05,-0.005786970413202349
1974Q2,123.48,140052.0,25.035,493.2294787297783,559424.8052726183,-7.0117609970892545,553064.562293004,-1.2678015326128499e-05,-0.00126780153261285
1974Q3,120.399,144459.0,25.769,467.2241840971711,560592.1844076216,-26.005294632607217,559424.8052726183,-4.64857732218977e-05,-0.004648577322189771
1974Q4,118.949,146363.0,26.527,448.4072831454744,551751.0461039696,-18.816900951696653,560592.1844076216,-3.356611361177019e-05,-0.003356611361177019
1975Q1,120.219,142054.0,27.13,443.1220051603391,523604.86546258756,-5.2852779851353375,551751.0461039696,-9.579099165204669e-06,-0.0009579099165204669
1975Q2,133.453,141574.0,27.533,484.7019939708713,514197.50844441215,41.5799888105322,523604.86546258756,7.941100542256737e-05,0.007941100542256737
1975Q3,153.571,144624.0,28.019,548.0959349013169,516164.03155001963,63.39394093044564,514197.50844441215,0.0001232871413987003,0.012328714139870032
1975Q4,158.121,148459.0,28.488,555.0442291491154,521128.1943274361,6.948294247798458,516164.03155001963,1.3461407271895743e-05,0.0013461407271895744
1976Q1,172.337,153738.0,28.789,598.6210010768001,534016.4646219042,43.57677192768472,521128.1943274361,8.362006201549803e-05,0.008362006201549803
1976Q2,168.644,158323.0,29.079,579.9511675091991,544458.200075656,-18.669833567601017,534016.4646219042,-3.496115720106061e-05,-0.0034961157201060613
1976Q3,169.701,164528.0,29.455,576.1364793753183,558574.0960787643,-3.814688133880736,544458.200075656,-7.006393022183633e-06,-0.0007006393022183634
1976Q4,168.206,170616.0,29.983,561.0045692559116,569042.4573925225,-15.131910119406712,558574.0960787643,-2.7090246800977624e-05,-0.0027090246800977624
1977Q1,176.225,180772.0,30.465,578.4506811094699,593376.0052519285,17.44611185355825,569042.4573925225,3.0658717336312946e-05,0.0030658717336312946
1977Q2,196.266,189006.0,30.895,635.2678426929923,611768.8946431461,56.81716158352242,593376.0052519285,9.575237468424372e-05,0.00957523746842437
1977Q3,209.986,196419.0,31.271,671.5039493460395,628118.704230757,36.23610665304716,611768.8946431461,5.9231691853480426e-05,0.005923169185348042
1977Q4,205.061,205941.0,31.947,641.8787366575892,644633.2989013053,-29.625212688450233,628118.704230757,-4.7164990453088914e-05,-0.004716499045308891
1978Q1,195.582,210406.0,32.411,603.4432754311807,649180.833667582,-38.435461226408506,644633.2989013053,-5.9623760193456986e-05,-0.005962376019345699
1978Q2,225.822,229998.0,33.031,683.6668584057401,696309.5274136418,80.22358297455935,649180.833667582,0.00012357663506689176,0.012357663506689176
1978Q3,228.418,241072.0,33.592,679.9773755656109,717647.0588235294,-3.6894828401291306,696309.5274136418,-5.298624670314755e-06,-0.0005298624670314755
1978Q4,236.393,252403.0,34.279,689.6146328656027,736319.612590799,9.637257299991802,717647.0588235294,1.342896509015251e-05,0.001342896509015251
1979Q1,229.994,262195.0,34.904,658.9330735732294,751188.9754755902,-30.681559292373322,736319.612590799,-4.1668806273430394e-05,-0.004166880627343039
1979Q2,228.763,267268.0,35.759,639.7354512150787,747414.6368746329,-19.19762235815074,751188.9754755902,-2.5556315367909125e-05,-0.0025556315367909125
1979Q3,224.752,280949.0,36.541,615.0680058017023,768859.6371199476,-24.667445413376413,747414.6368746329,-3.3003695935799544e-05,-0.0033003695935799543
1979Q4,223.39,287525.0,37.219,600.2041967812138,772522.0989279669,-14.863809020488475,768859.6371199476,-1.9332279005003373e-05,-0.0019332279005003373
1980Q1,223.845,298295.0,38.001,589.0502881503119,784966.1851003922,-11.153908630901924,772522.0989279669,-1.443830363737201e-05,-0.001443830363737201
1980Q2,203.833,291582.0,38.905,523.9249453797712,749471.7902583216,-65.12534277054067,784966.1851003922,-8.296579394972479e-05,-0.008296579394972478
1980Q3,219.199,299348.0,39.774,551.1112787247952,752622.3160858853,27.186333345023968,749471.7902583216,3.6273991494267734e-05,0.0036273991494267734
1980Q4,246.886,310634.0,40.81,604.9644694927713,761171.28154864,53.853190767976116,752622.3160858853,7.155407116818826e-05,0.007155407116818826
1981Q1,261.521,323482.0,41.885,624.3786558433807,772309.8961442044,19.414186350609384,761171.28154864,2.5505673717892086e-05,0.0025505673717892085
1981Q2,266.783,336160.0,42.715,624.565141051153,786983.4952592766,0.18648520777230715,772309.8961442044,2.414642214263262e-07,2.414642214263262e-05
1981Q3,289.024,348869.0,43.519,664.1329074657046,801647.5562398033,39.56776641455167,786983.4952592766,5.027775887665322e-05,0.005027775887665322
1981Q4,276.601,363695.0,44.271,624.7904949063721,821519.730749249,-39.3424125593325,801647.5562398033,-4.907694441666044e-05,-0.004907694441666044
1982Q1,261.637,360727.0,44.88,582.9701426024955,803758.9126559715,-41.82035230387669,821519.730749249,-5.0906083857213454e-05,-0.005090608385721345
1982Q2,272.264,353443.0,45.463,598.8694102896861,777429.9980203682,15.899267687190672,803758.9126559715,1.978114013647765e-05,0.001978114013647765
1982Q3,270.004,345286.0,46.108,585.5903530840635,748863.5377808623,-13.279057205622621,777429.9980203682,-1.708071111152919e-05,-0.0017080711111529191
1982Q4,255.318,340166.0,46.586,548.0573562872967,730189.3272657022,-37.53299679676684,748863.5377808623,-5.0119941622461534e-05,-0.005011994162246154
1983Q1,268.647,333654.0,46.938,572.3443691678384,710839.8312667775,24.287012880541738,730189.3272657022,3.326125427152971e-05,0.0033261254271529706
1983Q2,294.808,336968.0,47.286,623.4572600769784,712616.842194307,51.11289090913999,710839.8312667775,7.190493365861679e-05,0.007190493365861679
1983Q3,315.406,350702.0,47.789,659.9970704555441,733855.0712507062,36.539810378565676,712616.842194307,5.127553576484582e-05,0.005127553576484581
1983Q4,333.76,371746.0,48.151,693.1527901808892,772042.1175053477,33.15571972534508,733855.0712507062,4.518020113813198e-05,0.004518020113813198
1984Q1,370.083,383576.0,48.639,760.8770739530007,788618.1870515429,67.72428377211156,772042.1175053477,8.772097044516805e-05,0.008772097044516805
1984Q2,374.109,402275.0,49.055,762.6317398838039,820048.9246763837,1.754665930803185,788618.1870515429,2.2249879087413216e-06,0.00022249879087413217
1984Q3,371.961,414453.0,49.491,751.573013275141,837431.0480693459,-11.058726608662937,820048.9246763837,-1.3485447362822953e-05,-0.0013485447362822952
1984Q4,379.201,423246.0,49.861,760.5162351336717,848851.8080263132,8.943221858530706,837431.0480693459,1.0679353099158244e-05,0.0010679353099158244
1985Q1,378.443,427487.0,50.354,751.5649203638241,848963.339555944,-8.951314769847613,848851.8080263132,-1.0545203161739788e-05,-0.0010545203161739787
1985Q2,379.429,432891.0,50.678,748.7055527053159,854199.0607364142,-2.8593676585081766,848963.339555944,-3.3680696506916166e-06,-0.00033680696506916167
1985Q3,398.644,428484.0,50.984,781.900203985564,840428.3696846068,33.19465128024808,854199.0607364142,3.886055698964433e-05,0.003886055698964433
1985Q4,377.574,437454.0,51.269,736.4567282373365,853252.4527492247,-45.443475748227456,840428.3696846068,-5.407180122356095e-05,-0.005407180122356095
1986Q1,375.767,433956.0,51.524,729.3047900007763,842240.50927723,-7.151938236560227,853252.4527492247,-8.38197208049775e-06,-0.0008381972080497749
1986Q2,361.847,426617.0,51.719,699.6403642761846,824874.8042305536,-29.664425724591638,842240.50927723,-3.522084891172975e-05,-0.003522084891172975
1986Q3,357.122,422208.0,51.931,687.6855827925517,813017.272919836,-11.954781483632928,824874.8042305536,-1.4492843547069418e-05,-0.0014492843547069417
1986Q4,362.44,424829.0,52.214,694.1433332056538,813630.4439422378,6.457750413102076,813017.272919836,7.942943684222087e-06,0.0007942943684222087
1987Q1,375.131,410764.0,52.548,713.8825454822256,781692.9283702519,19.739212276571834,813630.4439422378,2.426066087317301e-05,0.002426066087317301
1987Q2,399.81,416522.0,52.912,755.6130934381614,787197.6111279104,41.730547955935776,781692.9283702519,5.338483494143872e-05,0.005338483494143871
1987Q3,422.098,428099.0,53.313,791.735599197194,802991.7656106391,36.122505759032606,787197.6111279104,4.588746872246684e-05,0.004588746872246684
1987Q4,422.611,433541.0,53.738,786.4285980125795,806768.0226283078,-5.307001184614478,802991.7656106391,-6.609035623894278e-06,-0.0006609035623894278
1988Q1,440.287,430594.0,54.159,812.952602522203,795055.3001347883,26.524004509623524,806768.0226283078,3.287686641720503e-05,0.0032876866417205033
1988Q2,447.231,448229.0,54.686,817.8162601031343,819641.2244450133,4.8636575809312035,795055.3001347883,6.117382753258361e-06,0.000611738275325836
1988Q3,455.399,455900.0,55.34,822.9110950487893,823816.4076617275,5.094834945655066,819641.2244450133,6.2159330127701e-06,0.00062159330127701
1988Q4,483.327,467505.0,55.818,865.8980973879394,837552.4024508223,42.98700233915008,823816.4076617275,5.218031825945526e-05,0.005218031825945526
1989Q1,462.706,475355.0,56.4,820.4007092198583,842828.0141843973,-45.4973881680811,837552.4024508223,-5.432184068118953e-05,-0.005432184068118953
1989Q2,458.99,480887.0,57.001,805.2314871668918,843646.6026911809,-15.169222052966461,842828.0141843973,-1.7998004097722927e-05,-0.0017998004097722928
1989Q3,460.435,498423.0,57.417,801.914067262309,868075.6570353727,-3.3174199045828345,843646.6026911809,-3.932238799990978e-06,-0.0003932238799990978
1989Q4,446.171,504535.0,57.826,771.5750700376993,872505.4473766126,-30.33899722460967,868075.6570353727,-3.494971547551806e-05,-0.003494971547551806
1990Q1,458.322,519805.0,58.45,784.1266039349872,889315.6544054748,12.551533897287868,872505.4473766126,1.4385622387833713e-05,0.0014385622387833713
1990Q2,473.808,520688.0,59.105,801.6377633025971,880954.2339903562,17.511159367609935,889315.6544054748,1.9690600610552046e-05,0.0019690600610552046
1990Q3,451.599,530927.0,59.611,757.5766217644396,890652.7318783447,-44.061141538157585,880954.2339903562,-5.001524464963287e-05,-0.005001524464963287
1990Q4,444.36,528461.0,60.055,739.9217384064607,879961.7017733743,-17.65488335797886,890652.7318783447,-1.982240970703087e-05,-0.001982240970703087
1991Q1,458.997,526062.0,60.643,756.8837293669509,867473.5748561252,16.961990960490198,879961.7017733743,1.9275828625617386e-05,0.0019275828625617386
1991Q2,455.682,524525.0,61.088,745.9435568360399,858638.3577789419,-10.940172530911013,867473.5748561252,-1.2611534054769905e-05,-0.0012611534054769904
1991Q3,449.495,519645.0,61.566,730.1026540623071,844045.414676932,-15.84090277373275,858638.3577789419,-1.8448864565879344e-05,-0.0018448864565879344
1991Q4,439.15,521384.0,61.931,709.0956064006716,841878.8651886777,-21.00704766163551,844045.414676932,-2.4888527674397944e-05,-0.002488852767439794
1992Q1,444.527,521308.0,62.161,715.1220218464954,838641.5919949808,6.026415445823773,841878.8651886777,7.1582928316809125e-06,0.0007158292831680913
1992Q2,448.027,539207.0,62.535,716.4419924842089,862248.3409290798,1.3199706377134817,838641.5919949808,1.5739389153994899e-06,0.000157393891539949
1992Q3,439.505,549924.0,62.841,699.3921166117661,875103.8334845084,-17.049875872442726,862248.3409290798,-1.9773741581307472e-05,-0.0019773741581307473
1992Q4,464.218,564047.0,63.273,733.6747111722219,891449.7494982062,34.28259456045578,875103.8334845084,3.9175459241160627e-05,0.003917545924116063
1993Q1,452.757,569368.0,63.628,711.568806185956,894838.7502357453,-22.105904986265955,891449.7494982062,-2.4797701719821322e-05,-0.002479770171982132
1993Q2,482.891,575546.0,64.007,754.4346712078367,899192.2758448294,42.86586502188072,894838.7502357453,4.790345189073194e-05,0.004790345189073194
1993Q3,487.618,581939.0,64.387,757.3236833522294,903814.4345908335,2.889012144392723,899192.2758448294,3.2128969765430568e-06,0.0003212896976543057
1993Q4,531.754,605105.0,64.738,821.3939262874974,934698.3224690291,64.07024293526797,903814.4345908335,7.088871396955865e-05,0.007088871396955865
1994Q1,546.445,613049.0,65.048,840.0642602385931,942456.3399335875,18.6703339510957,934698.3224690291,1.9974716443031097e-05,0.00199747164430311
1994Q2,573.511,625007.0,65.362,877.4379608947095,956223.7997613292,37.3737006561164,942456.3399335875,3.9655630794260486e-05,0.003965563079426048
1994Q3,594.459,640335.0,65.737,904.2989488415961,974086.131098164,26.860987946886667,956223.7997613292,2.809069169120356e-05,0.002809069169120356
1994Q4,624.832,669517.0,66.093,945.3830208947998,1012992.2987305765,41.08407205320361,974086.131098164,4.2177042400641e-05,0.0042177042400641
1995Q1,611.494,703844.0,66.452,920.2040570637453,1059176.5484861254,-25.17896383105449,1012992.2987305765,-2.4856026904259108e-05,-0.002485602690425911
1995Q2,619.02,715155.0,66.771,927.0791211753605,1071056.2968953587,6.875064111615188,1059176.5484861254,6.490951977214446e-06,0.0006490951977214446
1995Q3,656.348,721848.0,67.1,978.1639344262295,1075779.4336810731,51.08481325086905,1071056.2968953587,4.7695731213146486e-05,0.0047695731213146485
1995Q4,662.844,735377.0,67.423,983.1125876926272,1090691.6037553952,4.948653266397741,1075779.4336810731,4.600063090502272e-06,0.0004600063090502272
1996Q1,685.239,750856.0,67.747,1011.4676664649357,1108323.615805866,28.355078772308502,1090691.6037553952,2.599733845449825e-05,0.0025997338454498246
1996Q2,696.906,766319.0,68.028,1024.4399364967364,1126475.8628799904,12.97227003180069,1108323.615805866,1.170440640874417e-05,0.0011704406408744171
1996Q3,704.931,790295.0,68.251,1032.8508007208686,1157924.4260157358,8.410864224132183,1126475.8628799904,7.4665285793418185e-06,0.0007466528579341818
1996Q4,724.154,811590.0,68.615,1055.387305982657,1182817.1682576698,22.536505261788307,1157924.4260157358,1.9462846413330643e-05,0.0019462846413330643
1997Q1,741.328,828833.0,69.025,1073.9992756247736,1200772.1839913074,18.61196964211672,1182817.1682576698,1.5735288717133508e-05,0.0015735288717133508
1997Q2,749.853,847379.0,69.162,1084.197969983517,1225208.9297591161,10.198694358743296,1200772.1839913074,8.493446546074494e-06,0.0008493446546074494
1997Q3,786.802,880995.0,69.464,1132.6759184613613,1268275.6535759529,48.47794847784439,1225208.9297591161,3.95670871313152e-05,0.00395670871313152
1997Q4,775.181,876709.0,69.695,1112.2476504770789,1257922.3760671497,-20.428267984282456,1268275.6535759529,-1.6107119873100263e-05,-0.0016107119873100264
1998Q1,734.955,892604.0,69.794,1053.034644811875,1278912.2274120986,-59.21300566520381,1257922.3760671497,-4.7072066442073475e-05,-0.004707206644207347
1998Q2,738.654,908615.0,69.959,1055.8384196457926,1298782.1438270987,2.803774833917487,1278912.2274120986,2.1923121648394705e-06,0.00021923121648394705
1998Q3,760.379,922794.0,70.255,1082.3130026332647,1313492.2781296705,26.474582987472104,1298782.1438270987,2.038415997117108e-05,0.002038415997117108
1998Q4,743.389,938492.0,70.453,1055.155919549203,1332082.3811619093,-27.157083084061696,1313492.2781296705,-2.0675479815329905e-05,-0.0020675479815329906
1999Q1,765.957,960480.0,70.682,1083.6662799581222,1358874.9610933478,28.51036040891927,1332082.3811619093,2.1402850763667556e-05,0.0021402850763667554
1999Q2,769.524,985904.0,70.949,1084.6157098761082,1389595.3431338004,0.9494299179859809,1358874.9610933478,6.98688212800736e-07,6.98688212800736e-05
1999Q3,744.237,1011577.0,71.2,1045.2766853932583,1420754.213483146,-39.339024482849936,1389595.3431338004,-2.8309697983107075e-05,-0.0028309697983107075
1999Q4,738.67,1020641.0,71.595,1031.7340596410363,1425575.8083665061,-13.542625752221966,1420754.213483146,-9.531997599374086e-06,-0.0009531997599374086
2000Q1,738.448,1061455.0,72.071,1024.6118411011364,1472790.720261964,-7.1222185398999045,1425575.8083665061,-4.996029322397725e-06,-0.0004996029322397725
2000Q2,743.103,1102644.0,72.52,1024.6869829012687,1520468.836183122,0.07514180013231453,1472790.720261964,5.1020011939611574e-08,5.102001193961157e-06
2000Q3,728.021,1118582.0,72.944,998.05467207721,1533480.4781750385,-26.632310824058777,1520468.836183122,-1.751585444586596e-05,-0.001751585444586596
2000Q4,694.983,1122929.0,73.337,947.656708073687,1531190.2586688846,-50.39796400352293,1533480.4781750385,-3.286508352783235e-05,-0.0032865083527832345
2001Q1,679.699,1103327.0,73.822,920.7268835848391,1494577.49722305,-26.929824488847885,1531190.2586688846,-1.7587510328245485e-05,-0.0017587510328245484
2001Q2,691.734,1077454.0,74.266,931.4275711631163,1450803.867180136,10.700687578277211,1494577.49722305,7.1596739534478925e-06,0.0007159673953447892
2001Q3,676.964,1061039.0,74.558,907.9696343786046,1423105.5017570213,-23.45793678451173,1450803.867180136,-1.61689235293437e-05,-0.0016168923529343699
2001Q4,611.144,1019789.0,74.792,817.1248261846187,1363500.1069633116,-90.84480819398595,1423105.5017570213,-6.383561027754122e-05,-0.006383561027754121
2002Q1,689.232,982895.0,75.027,918.6452876964292,1310055.0468498007,101.5204615118106,1363500.1069633116,7.445577817951889e-05,0.007445577817951889
2002Q2,713.371,958268.0,75.289,947.5102604630157,1272786.19718684,28.864972766586448,1310055.0468498007,2.203340450158645e-05,0.002203340450158645
2002Q3,730.986,947064.0,75.65,966.2736285525446,1251902.1810971578,18.763368089528853,1272786.19718684,1.4741963835717543e-05,0.0014741963835717543
2002Q4,790.593,938353.0,76.089,1039.0371801443048,1233230.821800786,72.76355159176023,1251902.1810971578,5.812239381833395e-05,0.005812239381833395
2003Q1,787.941,945756.0,76.461,1030.5135951661632,1236912.9360065917,-8.523584978141571,1233230.821800786,-6.911589320882588e-06,-0.0006911589320882588
2003Q2,813.229,974371.0,76.73,1059.8579434380295,1269869.672878926,29.344348271866238,1236912.9360065917,2.3723859147762895e-05,0.0023723859147762893
2003Q3,847.71,987168.0,77.169,1098.5110601407303,1279228.7058274697,38.6531167027008,1269869.672878926,3.0438648570187667e-05,0.0030438648570187666
2003Q4,871.626,998060.0,77.639,1122.6651553987044,1285513.7237728462,24.154095257974177,1279228.7058274697,1.8881764572621975e-05,0.0018881764572621974
2004Q1,937.727,986221.0,78.193,1199.2467356412978,1261265.0748788253,76.58158024259342,1285513.7237728462,5.9572744208311226e-05,0.005957274420831123
2004Q2,979.904,1012142.0,78.824,1243.1543692276464,1284053.080280118,43.90763358634854,1261265.0748788253,3.4812375654314314e-05,0.0034812375654314316
2004Q3,1019.696,1043435.0,79.324,1285.4823256517575,1315408.9556754576,42.32795642411111,1284053.080280118,3.29643354111788e-05,0.00329643354111788
2004Q4,1017.124,1077451.0,79.939,1272.3751860793857,1347841.479127835,-13.107139572371807,1315408.9556754576,-9.964307689878347e-06,-0.0009964307689878348
2005Q1,1092.898,1113570.0,80.578,1356.3230658492391,1381977.7110377522,83.94787976985344,1347841.479127835,6.228319952296962e-05,0.006228319952296962
2005Q2,1161.484,1142322.0,81.158,1431.1392592227508,1407528.5246063236,74.81619337351162,1381977.7110377522,5.413704778011997e-05,0.005413704778011997
2005Q3,1125.365,1173855.0,81.898,1374.105594764219,1433313.3898263695,-57.0336644585318,1407528.5246063236,-4.052043241857833e-05,-0.004052043241857833
2005Q4,1250.292,1195261.0,82.571,1514.2023228494265,1447555.4371389472,140.0967280852076,1433313.3898263695,9.774326332232116e-05,0.009774326332232117
2006Q1,1268.825,1245855.0,83.156,1525.8369810957718,1498214.199817211,11.634658246345225,1447555.4371389472,8.037452623811632e-06,0.0008037452623811632
2006Q2,1262.531,1276056.0,83.882,1505.127440928924,1521251.2815621945,-20.709540166847773,1498214.199817211,-1.3822816636883053e-05,-0.0013822816636883052
2006Q3,1357.034,1305086.0,84.468,1606.5658000662975,1545065.586967846,101.43835913737348,1521251.2815621945,6.668087012765242e-05,0.006668087012765242
2006Q4,1302.954,1323871.0,84.77,1537.0461248083047,1561721.1277574613,-69.51967525799273,1545065.586967846,-4.4994643492399194e-05,-0.004499464349239919
2007Q1,1282.063,1348045.0,85.576,1498.157193605684,1575260.5870804898,-38.888931202620824,1561721.1277574613,-2.4901328740082435e-05,-0.0024901328740082433
2007Q2,1318.927,1379713.0,86.171,1530.592658783117,1601133.792111035,32.435465177433116,1575260.5870804898,2.0590539396118202e-05,0.00205905393961182
2007Q3,1233.078,1396974.0,86.642,1423.1873687126335,1612351.977101175,-107.40529007048349,1601133.792111035,-6.708077151308739e-05,-0.006708077151308739
2007Q4,1253.004,1413650.0,86.993,1440.3503730185187,1625015.8058694378,17.163004305885124,1612351.977101175,1.0644700753704069e-05,0.0010644700753704068
2008Q1,1194.992,1433292.0,87.315,1368.5987516463379,1641518.6394090364,-71.75162137218081,1625015.8058694378,-4.415441444508984e-05,-0.004415441444508983
2008Q2,1193.211,1445374.0,87.738,1359.9705942693017,1647375.1396202329,-8.628157377036132,1641518.6394090364,-5.256204328049761e-06,-0.0005256204328049761
2008Q3,1312.683,1432868.0,88.399,1484.952318465141,1620909.73879795,124.9817241958392,1647375.1396202329,7.586719089657445e-05,0.007586719089657445
2008Q4,1168.095,1378874.0,88.613,1318.1982327649444,1556062.88016431,-166.75408570019658,1620909.73879795,-0.00010287684854300382,-0.010287684854300382
2009Q1,1072.149,1259621.0,88.543,1210.8794596975479,1422609.3536473804,-107.31877306739648,1556062.88016431,-6.896814674742727e-05,-0.006896814674742727
2009Q2,1022.956,1194910.0,88.396,1157.2424091587854,1351769.3108285444,-53.63705053876242,1422609.3536473804,-3.770328825776675e-05,-0.003770328825776675
2009Q3,1061.815,1174112.0,88.501,1199.7774036451565,1326665.2354210685,42.53499448637103,1351769.3108285444,3.146616374971549e-05,0.0031466163749715487
2009Q4,1187.161,1177235.0,88.781,1337.1791261643818,1325998.806050844,137.40172251922536,1326665.2354210685,0.00010356924931074689,0.01035692493107469
2010Q1,1287.455,1182835.0,89.036,1445.9937553349205,1328490.722853677,108.81462917053864,1325998.806050844,8.206238849838471e-05,0.008206238849838472
2010Q2,1317.969,1234758.0,89.471,1473.0683685216438,1380065.0490102938,27.074613186723354,1328490.722853677,2.0379979115371973e-05,0.0020379979115371974
2010Q3,1435.808,1275769.0,89.743,1599.9108565570575,1421580.5132433728,126.84248803541368,1380065.0490102938,9.191051401988485e-05,0.009191051401988485
2010Q4,1394.301,1310843.0,90.264,1544.6922361074182,1452232.340689533,-55.218620449639275,1421580.5132433728,-3.884311858190611e-05,-0.0038843118581906107
2011Q1,1316.351,1312606.0,90.726,1450.9082291735558,1446780.4157573353,-93.78400693386243,1452232.340689533,-6.457920286318162e-05,-0.0064579202863181626
2011Q2,1453.606,1357734.0,91.326,1591.667214155881,1486689.4422179884,140.75898498232527,1446780.4157573353,9.72911876946048e-05,0.00972911876946048
2011Q3,1481.726,1424560.0,91.876,1612.7454395054203,1550524.6201401888,21.078225349539252,1486689.4422179884,1.417796128160613e-05,0.001417796128160613
2011Q4,1524.423,1469034.0,91.985,1657.251725824863,1597036.4733380442,44.50628631944255,1550524.6201401888,2.8704017815220868e-05,0.002870401781522087
2012Q1,1564.198,1513758.0,92.525,1690.5679546068632,1636052.9586598217,33.31622878200028,1597036.4733380442,2.0861282342766035e-05,0.0020861282342766034
2012Q2,1595.202,1553281.0,92.907,1716.9879556976332,1671866.4901460602,26.42000109077003,1636052.9586598217,1.6148622176883603e-05,0.0016148622176883603
2012Q3,1545.972,1550817.0,93.417,1654.9150582870354,1660101.4804585888,-62.07289741059776,1671866.4901460602,-3.7127903320303316e-05,-0.0037127903320303317
2012Q4,1585.49,1554393.0,93.885,1688.7575225009318,1655635.085476913,33.84246421389639,1660101.4804585888,2.038578039491158e-05,0.0020385780394911583
2013Q1,1653.288,1552634.0,94.258,1754.0028432599886,1647217.2123321097,65.24532075905677,1655635.085476913,3.940803219947623e-05,0.003940803219947623
2013Q2,1639.272,1565652.0,94.461,1735.395560072411,1657458.6337218536,-18.60728318757765,1647217.2123321097,-1.12961927839703e-05,-0.00112961927839703
2013Q3,1617.241,1601323.0,94.924,1703.7219249083475,1686952.7200707933,-31.6736351640634,1657458.6337218536,-1.9109759073105597e-05,-0.0019109759073105597
2013Q4,1628.224,1643874.0,95.426,1706.2687317921739,1722668.8743109845,2.5468068838263207,1686952.7200707933,1.5097085137747332e-06,0.00015097085137747332
2014Q1,1557.035,1698778.0,95.788,1625.5011066104316,1773476.8446987097,-80.76762518174223,1722668.8743109845,-4.688517125152496e-05,-0.004688517125152496
2014Q2,1685.236,1758988.0,96.33,1749.4404650679955,1826002.283816049,123.93935845756391,1773476.8446987097,6.988496005913152e-05,0.006988496005913151
2014Q3,1797.002,1798867.0,96.726,1857.8272646444595,1859755.3915183095,108.386799576464,1826002.283816049,5.935742826671232e-05,0.005935742826671231
2014Q4,1806.459,1813670.0,96.822,1865.7526182066058,1873200.3057156429,7.925353562146256,1859755.3915183095,4.261503205362924e-06,0.0004261503205362924
2015Q1,1748.477,1804147.0,96.769,1806.8565346340254,1864385.288677159,-58.89608357258044,1873200.3057156429,-3.144142321185433e-05,-0.003144142321185433
2015Q2,1720.533,1801315.0,97.325,1767.822245055227,1850824.5568969946,-39.03428957879828,1864385.288677159,-2.093681483964849e-05,-0.002093681483964849
2015Q3,1765.219,1806280.0,97.583,1808.9411065451975,1851019.1324308538,41.11886148997041,1850824.5568969946,2.2216509575012536e-05,0.0022216509575012536
2015Q4,1721.762,1795673.0,97.581,1764.443897889958,1840187.1265922668,-44.49720865523955,1851019.1324308538,-2.403930239057201e-05,-0.002403930239057201
2016Q1,1735.264,1790992.0,97.496,1779.8309674243046,1836990.235496841,15.387069534346665,1840187.1265922668,8.36168741319317e-06,0.0008361687413193171
2016Q2,1639.847,1817682.0,98.159,1670.602797502012,1851773.1435731822,-109.22816992229264,1836990.235496841,-5.946039767203786e-05,-0.005946039767203786
2016Q3,1654.968,1841628.0,98.41,1681.7071435829694,1871382.989533584,11.104346080957384,1851773.1435731822,5.996601754106031e-06,0.0005996601754106032
2016Q4,1657.096,1856867.0,98.886,1675.76401108347,1877785.5308132598,-5.94313249949937,1871382.989533584,-3.175797008276009e-06,-0.0003175797008276009
2017Q1,1699.774,1869010.0,99.39,1710.2062581748667,1880480.9336955429,34.442247091396666,1877785.5308132598,1.8341949347367638e-05,0.0018341949347367638
2017Q2,1715.408,1906444.0,99.65,1721.4330155544403,1913139.989964877,11.226757379573655,1880480.9336955429,5.970152197986236e-06,0.0005970152197986236
2017Q3,1682.506,1926385.0,100.162,1679.7847487070946,1923269.3037279607,-41.64826684734567,1913139.989964877,-2.176958668252514e-05,-0.0021769586682525138
2017Q4,1736.441,1977370.0,100.778,1723.035781619004,1962104.824465657,43.251032911909306,1923269.3037279607,2.2488287432276828e-05,0.002248828743227683
2018Q1,1767.118,2047062.0,101.419,1742.3934371271655,2018420.611522496,19.357655508161542,1962104.824465657,9.86576010964819e-06,0.000986576010964819
2018Q2,1838.179,2076798.0,102.136,1799.73662567557,2033365.3168324586,57.34318854840444,2018420.611522496,2.8409930131039652e-05,0.0028409930131039654
