,R,CGDP,CPIR,INVR,HP,IR,ROP,IROR,LSOI,RGDP,RGDP,MA,TOBQ
1963Q1,0.0,81.6,0.3181917928461786,,,2.591808207153821,4.692,,113.071,3893.482,,54.7,0.7441
1963Q2,0.0,83.1,0.1859345947719415,3.323249198537037,,2.7540654052280584,4.776,7.495384678010369e-05,112.738,3937.183,1.122414332466426,58.2,0.7719
1963Q3,0.0,83.6,0.6113537117903967,2.956343136826467,,2.678646288209604,4.871,2.9879362760213185e-05,111.191,4023.755,2.198830991599832,56.9,0.7939
1963Q4,0.0,84.8,0.271267361111116,3.036991447186921,,3.228732638888884,4.973,1.3942087015166106e-05,111.846,4050.147,0.6559047456915268,54.0,0.7568
1964Q1,0.0,84.3,0.4112109079104087,2.212152420185376,,3.118789092089591,5.116,6.900421922738499e-05,110.518,4135.553,2.108713584963695,60.2,0.7939
1964Q2,0.0,85.2,0.1616553507921114,2.7748669998387987,,3.3183446492078885,5.234,6.199123258821883e-06,110.812,4180.592,1.089068378521563,60.1,0.8064
1964Q3,0.0,85.3,0.2259522272433756,3.288170820180003,,3.2740477727566244,5.357,2.100855048443472e-05,110.589,4245.918,1.5626016602433346,63.3,0.8241
1964Q4,0.0,86.4,0.4616210413311838,2.6804358555753804,,3.2183789586688163,5.491,-1.1520523806083557e-05,112.116,4259.046,0.3091910865918867,62.4,0.8468
1965Q1,0.0,86.3,0.3098952767685459,6.675910519504535,,3.5801047232314542,5.652,0.0001381100059496,110.624,4362.111,2.4199081202691763,64.9,0.8556
1965Q2,0.0,87.3,0.639181847235526,4.232162354205293,,3.230818152764474,5.835,2.8802542678512367e-05,110.69,4417.225,1.263470828688229,58.7,0.8129
1965Q3,0.0,87.3,0.2963903884831254,4.442744791580067,,3.5736096115168747,6.057,1.808057372872666e-05,109.183,4515.427,2.2231604683935924,61.0,0.8733
1965Q4,0.0,87.5,0.5277044854881341,5.2805858473294665,,3.642295514511866,6.321,5.8080742684019535e-05,108.519,4619.458,2.303901712949852,62.8,0.9061
1966Q1,0.0,86.8,0.9343832020997088,4.96582592390975,,3.6756167979002914,6.704,4.788730247891615e-05,108.609,4731.888,2.433835311415322,65.7,0.8692
1966Q2,0.0,87.5,0.9049303099646576,3.166416964388618,,3.685069690035342,7.018,-1.8404589174438744e-05,109.958,4748.046,0.3414704659112866,59.0,0.8099
1966Q3,0.0,86.8,0.8658901144211972,1.977267014829498,,4.174109885578803,7.342,-3.213102459341885e-05,110.34,4788.254,0.8468325707038149,58.7,0.7189
1966Q4,0.0,86.9,0.8175779253960069,0.9639874024373496,,4.392422074603993,7.674,8.554672013154953e-06,109.866,4827.537,0.8204034288907813,52.4,0.7401
1967Q1,0.0,86.5,0.253421186011149,-1.1677109610220504,,4.256578813988851,8.127,-3.647631521222519e-05,109.937,4870.299,0.8857933144789998,45.3,0.8325
1967Q2,0.0,87.5,0.6066734074822833,0.3842300989392422,,3.053326592517717,8.449,-1.7127149529924095e-05,110.685,4873.287,0.0613514693861727,46.8,0.8399
1967Q3,0.0,87.7,1.005025125628145,0.585075116536582,,3.2949748743718548,8.759,-1.5407849710039998e-06,110.659,4919.392,0.94607602630421,54.9,0.8706
1967Q4,0.0,89.9,1.0945273631840724,3.1162936084043524,,3.655472636815928,9.041,3.407375934751774e-05,110.784,4956.477,0.7538533217112953,55.6,0.8949
1968Q1,0.0,88.3,0.984251968503913,3.845849698183823,,4.065748031496087,9.391,-5.944137725857228e-06,110.125,5057.553,2.0392710386833324,53.8,0.8053
1968Q2,0.0,88.9,0.974658869395717,-0.248756218905477,,4.545341130604283,9.794,3.5078319881881365e-05,109.682,5142.033,1.6703730044944851,53.5,0.8827
1968Q3,0.0,88.5,1.3513513513513598,2.1934958522062287,,3.84864864864864,10.352,-2.5625084004320592e-06,110.716,5181.859,0.7745185610438465,51.8,0.8658
1968Q4,0.0,89.3,1.238095238095238,4.13969123505975,,4.351904761904762,11.055,8.339651657771397e-06,111.648,5202.212,0.3927740990250727,56.1,0.9784
1969Q1,0.0,88.3,1.2229539040451654,3.275748699862513,,4.8670460959548345,11.951,-2.0573329789141906e-05,110.962,5283.597,1.5644306691076748,57.1,0.9094
1969Q2,0.0,89.4,1.579925650557601,1.967934247843961,,4.620074349442399,12.928,-3.740519846908088e-05,112.424,5299.625,0.3033539461847701,55.5,0.8576
1969Q3,0.0,89.2,1.3723696248856276,3.32179145143896,,5.647630375114372,14.034,-3.8738809365917454e-05,113.187,5334.6,0.6599523551194642,54.1,0.8053
1969Q4,1.0,90.0,1.534296028880866,0.6878289437540541,,5.815703971119134,15.261,-6.211810175029851e-05,114.771,5308.556,-0.488209050350552,52.0,0.7461
1970Q1,1.0,89.2,1.6000000000000014,0.4201359712779684,,5.609999999999999,16.667,-8.628653633767082e-05,115.245,5300.652,-0.1488917136788115,46.9,0.7015
1970Q2,1.0,90.2,1.3998250218722583,0.8356697311512562,0.732548824569168,5.280174978127741,17.678,3.510039937907277e-05,113.7,5308.164,0.141718415017622,51.1,0.5442
1970Q3,1.0,90.6,1.035375323554777,0.7123535687728388,1.561011847955296,5.294624676445223,18.358,-1.6431210735006538e-05,113.18,5357.077,0.9214673849564649,44.1,0.6296
1970Q4,0.0,91.4,1.451750640478222,-2.557462654624832,1.263789139447713,3.8982493595217775,18.701,-6.41035800206479e-05,113.699,5299.672,-1.0715731732062197,45.4,0.6842
1971Q1,0.0,90.9,0.8417508417508213,1.699940699743041,2.694829073432592,2.9982491582491786,18.799,0.000126052570714,111.541,5443.619,2.716149225838893,51.2,0.7342
1971Q2,0.0,91.8,0.9181969949916712,2.201706079257093,2.6751179158618577,3.3318030050083287,18.849,5.686339686841046e-07,111.502,5473.059,0.5408166883097643,53.8,0.7203
1971Q3,0.0,92.1,0.9925558312654958,1.2403723230039354,1.0805990359583628,4.017444168734504,18.937,7.802701054660607e-06,110.939,5518.072,0.8224468254407702,55.1,0.6915
1971Q4,0.0,92.5,0.7371007371007376,2.880310572618261,2.378419249233588,3.492899262899263,19.075,3.384431844540505e-05,112.253,5531.032,0.234864641128274,57.6,0.7304
1972Q1,0.0,92.5,0.8130081300813163,4.908554213201066,0.2992953375711593,2.626991869918684,19.321,3.16201928823187e-05,112.234,5632.649,1.8372159119672384,59.8,0.7495
1972Q2,0.0,93.7,0.6451612903225712,2.5826226528204765,2.8023338261222275,3.124838709677429,19.651,8.83344371896453e-06,110.916,5760.47,2.2692875057543915,58.6,0.7365
1972Q3,0.0,93.9,0.8012820512820484,2.0387772991620645,1.9676917918951544,3.4187179487179518,20.137,3.752645446494692e-05,111.069,5814.854,0.9440896315751957,65.1,0.7377
1972Q4,0.0,94.6,1.0333863275039823,5.0131170558675775,2.162220935975645,3.826613672496018,20.794,5.35930505030591e-05,111.527,5912.22,1.6744358499800605,70.5,0.8282
1973Q1,0.0,94.8,1.5735641227379915,4.367407615914432,4.323769635293129,4.126435877262009,21.767,4.053747253457229e-05,111.289,6058.544,2.47494173085574,69.6,0.7563
1973Q2,0.0,95.8,2.091402013942689,4.861438878025748,2.377056878242101,4.50859798605731,22.89,-4.246069798975056e-05,111.56,6124.506,1.0887434340660196,65.0,0.6832
1973Q3,0.0,96.2,1.9726858877086475,3.236721965020584,2.533832726183416,6.347314112291353,24.299,-1.3729176406669688e-05,113.108,6092.301,-0.5258383288382795,63.5,0.6993
1973Q4,1.0,96.3,2.529761904761907,2.53108382706726,2.0988195479026306,4.970238095238093,25.977,8.36919526619123e-06,113.45,6150.131,0.949230840695492,63.6,0.5754
1974Q1,1.0,96.3,2.9753265602321832,2.710070314516977,2.4205033909588725,4.644673439767817,28.051,-5.7869704132023485e-05,113.742,6097.258,-0.8597052648146919,61.8,0.5363
1974Q2,1.0,97.9,2.6779422128259567,3.540509969466888,1.9266946246578431,5.472057787174044,29.661,-1.26780153261285e-05,112.917,6111.751,0.2376970106890752,54.7,0.472
1974Q3,1.0,98.4,2.8140013726836166,3.146688372890072,2.6296354209585093,5.375998627316383,30.948,-4.64857732218977e-05,113.927,6053.978,-0.9452773845007756,46.2,0.3325
1974Q4,1.0,98.6,3.0707610146862407,1.3180210301884987,0.6176640032689473,4.28923898531376,31.907,-3.356611361177019e-05,112.602,6030.464,-0.3884057722046585,30.9,0.3108
1975Q1,0.0,97.2,2.1373056994818507,-2.944050067298432,2.621212450857069,3.612694300518149,32.614,-9.579099165204667e-06,111.474,5957.035,-1.2176343312886084,31.6,0.3988
1975Q2,0.0,96.9,1.2048192771084263,-0.3378996719557325,2.809660858630325,4.185180722891573,32.758,7.941100542256737e-05,110.375,5999.61,0.7147011894339972,45.1,0.447
1975Q3,0.0,96.2,2.005012531328343,2.154350375068858,1.7703956032396828,4.324987468671657,32.432,0.0001232871413987,109.301,6102.326,1.712044616233399,54.4,0.3933
1975Q4,0.0,95.9,1.842751842751844,2.6517037282885347,1.845341957342983,3.787248157248156,31.617,1.3461407271895743e-05,109.402,6184.53,1.3470928953975836,54.9,0.4151
1976Q1,0.0,94.2,1.1459589867309772,3.555863908553869,-2.701282720612319,3.774041013269023,30.336,8.362006201549803e-05,108.64,6323.649,2.249467623247048,58.4,0.4646
1976Q2,0.0,94.2,0.8944543828264706,2.982346589652529,3.1365945852137145,4.2655456171735295,29.676,-3.496115720106061e-05,108.462,6370.025,0.7333740376798126,58.2,0.4586
1976Q3,0.0,94.1,1.5957446808510634,3.9192031479949208,2.5129691796337283,3.554255319148937,29.646,-7.006393022183633e-06,108.961,6404.895,0.5474075847426096,53.6,0.4525
1976Q4,0.0,94.7,1.4543339150668857,3.7002820188660968,3.997537582826638,3.2156660849331145,30.248,-2.7090246800977624e-05,108.957,6451.177,0.7226035711748402,56.6,0.4572
1977Q1,0.0,94.8,1.83486238532109,5.952548412810055,4.06920569043705,2.79513761467891,31.482,3.0658717336312946e-05,108.784,6527.703,1.1862331478426524,58.4,0.4117
1977Q2,0.0,95.9,1.745495495495497,4.554908946075709,4.579470026848664,3.0945045045045028,32.626,9.575237468424372e-05,108.779,6654.466,1.94192352194944,56.8,0.4129
1977Q3,0.0,96.2,1.3835085777531786,3.9220977111837696,3.516875243648032,4.116491422246821,33.615,5.9231691853480426e-05,108.324,6774.457,1.8031649722156429,53.9,0.3858
1977Q4,0.0,97.1,1.473799126637565,4.847799856429358,2.76246786208616,4.636200873362435,34.442,-4.7164990453088914e-05,109.712,6774.592,0.001992779642701,59.8,0.3645
1978Q1,0.0,97.1,1.7213555675094083,2.168096687886334,4.2259581523030665,4.668644432490591,35.19,-5.9623760193456986e-05,111.254,6796.26,0.319842139570925,55.0,0.3362
1978Q2,0.0,98.1,2.273929138022224,9.31152153455701,3.3240250547314165,4.206070861977777,36.021,0.0001235766350668,108.998,7058.92,3.864772683799611,60.5,0.3498
1978Q3,0.0,98.4,2.326783867631854,4.8148244767345805,4.031384837363383,4.983216132368145,37.015,-5.298624670314755e-06,108.946,7129.915,1.005748754767022,60.5,0.3635
1978Q4,0.0,98.5,2.3244062657908016,4.700255525320229,2.8079477787019247,6.245593734209199,38.168,1.342896509015251e-05,108.758,7225.75,1.3441254208500286,59.4,0.3364
1979Q1,0.0,97.8,2.51851851851852,3.879510148453069,4.378627965136106,6.861481481481481,40.134,-4.16688062734304e-05,110.772,7238.727,0.1795938137909569,57.7,0.3458
1979Q2,0.0,99.2,3.17919075144506,1.93481950456722,4.3912283287903975,6.200809248554941,42.09,-2.5556315367909125e-05,110.435,7246.454,0.1067452882254071,52.7,0.3366
1979Q3,0.0,100.0,3.221288515406173,5.118832033763865,3.597458668396536,6.448711484593827,44.643,-3.3003695935799544e-05,110.708,7300.281,0.7428046876444716,49.6,0.3448
1979Q4,0.0,100.6,3.165988240615114,2.3406383364952266,3.490654877865884,8.674011759384886,47.792,-1.9332279005003373e-05,111.472,7318.535,0.2500451694941619,44.8,0.3465
1980Q1,1.0,100.8,3.945637878123609,3.7457612381532,2.2338110291029167,9.40436212187639,52.682,-1.443830363737201e-05,111.222,7341.557,0.3145711539263018,43.6,0.3182
1980Q2,1.0,100.3,3.3741037536904277,-2.250456762600783,1.251284789688656,6.245896246309572,56.35,-8.296579394972479e-05,112.24,7190.289,-2.060434864157568,30.3,0.3458
1980Q3,0.0,100.8,1.8767849857201035,2.663401718898961,3.133361084767161,7.273215014279897,59.978,3.627399149426773e-05,112.849,7181.743,-0.1188547497882108,50.1,0.3746
1980Q4,0.0,101.4,2.8033640368442025,3.770193888050022,2.0992696720920634,10.806635963155797,63.577,7.155407116818826e-05,112.24,7315.677,1.8649233201466495,53.0,0.4009
1981Q1,0.0,100.0,2.7658745617452407,4.136057224901335,1.824182252825457,11.62412543825476,67.443,2.5505673717892086e-05,109.901,7459.022,1.9594222106853687,49.6,0.3893
1981Q2,0.0,100.2,2.084912812736905,3.9192288906337858,1.239842506078226,12.825087187263094,71.093,2.414642214263262e-07,111.008,7403.745,-0.7410757067079277,50.7,0.3679
1981Q3,1.0,99.5,2.784998143334572,3.780640171346983,0.9198970377496618,12.265001856665428,74.742,5.027775887665322e-05,110.118,7492.405,1.197502074963408,42.5,0.3124
1981Q4,1.0,99.4,1.6257225433526037,4.249732707692577,1.2244328445199404,10.124277456647397,78.377,-4.907694441666044e-05,111.09,7410.768,-1.0895967316235544,37.8,0.3269
1982Q1,1.0,99.7,0.8887308922858272,-0.8160684089690506,0.3736126348177659,11.921269107714174,81.982,-5.0906083857213454e-05,113.136,7295.631,-1.553644642498586,36.8,0.2916
1982Q2,1.0,100.6,1.444679351656064,-2.019255558912969,0.2101107476588204,10.975320648343937,83.928,1.978114013647765e-05,112.536,7328.912,0.456177128475943,38.3,0.2847
1982Q3,1.0,101.2,1.7367141368530792,-2.3078685955019607,0.0723497417925322,7.583285863146921,84.385,-1.708071111152919e-05,112.698,7300.896,-0.3822668357868153,38.8,0.3076
1982Q4,0.0,101.9,0.3072721065210171,-1.4828287274896712,0.6820307087588517,7.602727893478983,83.358,-5.0119941622461534e-05,112.145,7303.817,0.0400087879624644,42.8,0.3604
1983Q1,0.0,101.7,0.0680735194009463,-1.914359459793158,1.0583905128549451,8.041926480599052,81.517,3.326125427152971e-05,111.36,7400.066,1.317790410137598,53.9,0.3927
1983Q2,0.0,102.5,1.156462585034013,0.9932444987921674,1.2852830440619911,7.243537414965988,81.13,7.190493365861679e-05,109.523,7568.456,2.2755202453599743,57.5,0.4403
1983Q3,0.0,102.9,0.9751176866173772,4.075757935471613,1.369383234185273,8.164882313382623,82.464,5.127553576484582e-05,108.027,7719.746,1.99895460844326,62.5,0.431
1983Q4,0.0,103.4,0.9990009990010096,6.00053606765858,1.255808997081331,7.800999000998991,85.511,4.518020113813198e-05,108.1,7880.794,2.0861826282885465,69.9,0.4069
1984Q1,0.0,103.2,1.4177382129904492,3.182280374234025,1.156658368502539,7.752261787009551,90.317,8.772097044516805e-05,108.616,8034.847,1.9547903421914148,58.9,0.3789
1984Q2,0.0,104.4,0.942782834850453,4.8749139675057895,1.3208406680841556,8.857217165149548,93.658,2.2249879087413216e-06,108.167,8173.67,1.72776158649941,58.1,0.356
1984Q3,0.0,104.9,0.8695652173912993,3.0272823317382347,1.4885519489282295,9.4504347826087,95.663,-1.3485447362822953e-05,108.352,8252.465,0.9640100468944812,50.0,0.3696
1984Q4,0.0,106.6,0.8620689655172376,2.121591591808958,0.6966426349641619,7.937931034482763,96.325,1.0679353099158244e-05,108.545,8320.199,0.8207729448110435,50.6,0.365
1985Q1,0.0,107.6,0.9180120291231386,1.002017739092631,1.17251490893997,7.261987970876861,95.515,-1.0545203161739788e-05,108.367,8400.82,0.96897922754009,47.8,0.3929
1985Q2,0.0,109.2,0.9096612296110472,1.2641320086926644,2.186104465241589,6.550338770388953,95.863,-3.3680696506916166e-06,108.403,8474.787,0.8804735728179081,47.8,0.4078
1985Q3,0.0,110.4,0.6216972334472937,-1.0180391830738045,0.8620675359857,6.488302766552707,97.266,3.886055698964433e-05,107.834,8604.22,1.5272714228687922,49.9,0.3819
1985Q4,0.0,113.1,1.019462465245602,2.093427059120057,1.9045933299129287,6.150537534754398,99.727,-5.407180122356095e-05,109.192,8668.188,0.7434491447220193,50.7,0.4412
1986Q1,0.0,113.3,0.5198776758409851,-0.7996269322031568,1.9963885347933807,6.380122324159015,103.379,-8.38197208049775e-06,108.895,8749.127,0.9337476298391324,51.0,0.4884
1986Q2,0.0,115.0,-0.4867660480681324,-1.6911852814571082,1.9285540821116776,6.6267660480681325,106.288,-3.522084891172975e-05,109.212,8788.524,0.4502963552820649,50.5,0.5075
1986Q3,0.0,116.9,0.6114338122898078,-1.0334796784938205,2.2748690424072127,4.908566187710192,108.624,-1.4492843547069418e-05,109.951,8872.601,0.9566680366350556,52.4,0.4572
1986Q4,0.0,119.4,0.6988757216651376,0.6207840685160004,1.558618023536118,4.651124278334862,110.39,7.942943684222087e-06,111.226,8920.193,0.5363928796076722,50.5,0.5023
1987Q1,0.0,119.4,1.207000603500319,-3.310743852232312,3.235800619842477,4.332999396499681,111.739,2.426066087317301e-05,111.588,8986.367,0.7418449354178902,55.0,0.5978
1987Q2,0.0,121.1,1.1329755515802065,1.4017781499839232,2.205742757313533,4.527024448419794,113.888,5.338483494143872e-05,111.035,9083.256,1.0781776439800383,57.4,0.6079
1987Q3,0.0,122.0,1.0613207547169878,2.779445023312088,2.1693199633816995,4.978679245283012,116.977,4.588746872246684e-05,111.278,9162.024,0.8671780251486849,60.0,0.6345
1987Q4,0.0,122.7,0.933488914819125,1.271201287552648,1.990738600916897,4.926511085180875,120.998,-6.609035623894278e-06,111.148,9319.332,1.7169568645530875,61.0,0.4896
1988Q1,0.0,122.9,0.7803468208092523,-0.6797511654030419,1.548712485049908,4.939653179190747,126.748,3.287686641720503e-05,111.922,9367.502,0.5168825405082789,54.6,0.5104
1988Q2,0.0,123.9,1.1471178663607695,4.095505278754463,2.470365804069674,5.062882133639231,132.324,6.117382753258361e-06,111.969,9490.594,1.3140322788294911,59.3,0.5228
1988Q3,0.0,124.2,1.219166430394103,1.711401984253591,2.7466097994149674,5.790833569605897,138.364,6.2159330127701e-06,111.745,9546.206,0.5859696453140995,54.5,0.5042
1988Q4,0.0,124.9,1.092436974789912,2.545514367185797,2.4970205230614884,6.637563025210088,144.836,5.218031825945526e-05,111.038,9673.405,1.332456056364184,56.0,0.5158
1989Q1,0.0,124.5,1.1360487669714647,1.6791264264553352,2.1098589696687764,7.403951233028534,151.773,-5.432184068118953e-05,110.723,9771.725,1.016394950898869,51.5,0.5152
1989Q2,0.0,125.0,1.6164383561643625,1.163761820113396,1.4973887960133323,6.793561643835638,157.641,-1.7998004097722927e-05,109.476,9846.293,0.7630996574299775,47.3,0.5473
1989Q3,0.0,124.7,0.7818819088703188,3.646594730154895,1.3480414579413402,7.058118091129681,162.502,-3.932238799990978e-06,109.166,9919.228,0.7407356250722863,46.0,0.5923
1989Q4,0.0,125.2,1.016586409844833,1.2262676481622936,1.263673936930898,6.633413590155167,166.338,-3.494971547551806e-05,110.149,9938.767,0.1969810553805295,47.4,0.6208
1990Q1,0.0,125.5,1.7213983050847317,3.026549198767192,1.3912523899245244,6.038601694915268,169.079,1.4385622387833712e-05,110.182,10047.386,1.0928820446238552,49.9,0.5984
1990Q2,0.0,125.5,0.9893256964332188,0.1698713940804674,0.0961768857662193,6.760674303566781,170.351,1.969060061055205e-05,110.469,10083.855,0.3629700302148153,49.2,0.6232
1990Q3,1.0,125.2,1.7272492910544113,1.966436714500808,-0.2411613226136921,5.752750708945589,171.17,-5.001524464963287e-05,110.63,10090.569,0.0665816793280038,44.5,0.5271
1990Q4,1.0,125.1,1.6979219462746942,-0.4644706334392512,-0.4614223688150787,5.292078053725306,168.116,-1.982240970703087e-05,111.612,9998.704,-0.910404556967992,40.8,0.5793
1991Q1,0.0,124.4,0.7475703962123381,-0.453959705635798,-0.730183827816866,5.2724296037876615,164.656,1.9275828625617386e-05,110.902,9951.916,-0.4679406451076118,40.7,0.6639
1991Q2,0.0,124.7,0.5936186000494503,-0.2921708848006465,0.6958383374256805,4.966381399950549,160.04,-1.2611534054769903e-05,110.641,10029.51,0.7796890568610104,50.3,0.6549
1991Q3,0.0,123.8,0.762232603884927,-0.9303655688480016,-0.3160566408183296,4.617767396115073,154.376,-1.8448864565879344e-05,110.286,10080.195,0.5053586865160886,54.9,0.7025
1991Q4,0.0,123.1,0.829673011224985,0.3346515409558437,-0.2609908482889889,3.710326988775015,147.67,-2.4888527674397944e-05,110.855,10115.329,0.3485448446185923,46.8,0.8198
1992Q1,0.0,122.0,0.6776379477250849,-0.0145765884645432,0.2223073694102684,3.2123620522749152,140.578,7.1582928316809125e-06,111.299,10236.435,1.1972522099874316,54.6,0.8288
1992Q2,0.0,121.0,0.7692307692307665,3.4334788647018666,-0.1877631506296939,2.9107692307692337,133.267,1.57393891539949e-06,110.934,10347.429,1.0843032755055937,53.6,0.8265
1992Q3,0.0,120.2,0.7633587786259444,1.9875483812339167,-0.1426638670019908,2.316641221374056,127.848,-1.9773741581307472e-05,110.668,10449.673,0.9881101865980568,49.7,0.8558
1992Q4,0.0,119.2,0.8759469696969724,2.568173056640544,0.2972316313020862,2.1940530303030275,123.578,3.917545924116063e-05,109.765,10558.648,1.0428555994048685,54.2,0.9517
1993Q1,0.0,118.2,0.7275287491199434,0.9433611028868194,0.3029345183705789,2.2324712508800566,120.512,-2.479770171982132e-05,109.14,10576.275,0.166943722340207,53.5,0.9783
1993Q2,0.0,118.3,0.7222739981360471,1.0850627362268384,0.4845416195032648,2.247726001863953,118.068,4.790345189073194e-05,109.978,10637.847,0.5821709439287392,49.6,0.9712
1993Q3,0.0,118.5,0.4626416840157521,1.1107713371303118,0.7038266031464957,2.537358315984248,116.302,3.2128969765430568e-06,109.225,10688.606,0.477154822775705,50.8,0.9845
1993Q4,0.0,118.8,0.8289201013124581,3.980829605852154,0.912412134489582,2.231079898687542,115.271,7.088871396955865e-05,108.995,10833.987,1.360149302911906,55.6,1.014
1994Q1,0.0,118.8,0.5023978077186575,1.3128300047099195,0.3100328607640534,2.7376021922813427,114.799,1.9974716443031097e-05,107.68,10939.116,0.9703629882517052,56.9,0.9562
1994Q2,0.0,118.9,0.5680527152919668,1.9505781756433915,0.5799315638349789,3.421947284708033,115.474,3.9655630794260486e-05,107.99,11087.361,1.355182630845131,58.8,0.9174
1994Q3,0.0,118.8,0.9263443289652118,2.452452532531635,0.4764810043156764,3.5536556710347886,117.333,2.809069169120356e-05,107.897,11152.176,0.5845845553328566,59.0,0.9511
1994Q4,0.0,119.4,0.5820461159615098,4.557302037214894,0.4438020506655427,4.6979538840384905,120.277,4.2177042400641e-05,107.054,11279.932,1.1455701559946796,56.1,0.9257
1995Q1,0.0,119.2,0.7344758513242677,5.127128960130967,0.3439201647687184,5.0055241486757325,124.873,-2.4856026904259108e-05,107.167,11319.951,0.3547805075420518,52.1,0.9827
1995Q2,0.0,120.2,0.8174988952717621,1.6070322400986603,0.6362593746546352,4.7825011047282375,127.254,6.490951977214446e-06,107.095,11353.721,0.298322846097121,45.9,1.041
1995Q3,0.0,120.7,0.504054350208194,0.9358810327831036,0.8944071565525569,4.865945649791806,127.901,4.7695731213146486e-05,107.337,11450.31,0.8507255022384363,48.1,1.098
1995Q4,0.0,121.5,0.5451373746184096,1.8742172867417968,0.5157632179392024,4.71486262538159,125.825,4.600063090502272e-06,107.354,11528.067,0.6790820510536255,46.2,1.176
1996Q1,0.0,121.8,0.889178052483186,2.104906734912837,0.8485733574080001,4.040821947516814,122.168,2.599733845449825e-05,107.509,11614.418,0.7490501226268043,46.9,1.208
1996Q2,0.0,122.3,0.8598452278590019,2.059382890993744,0.6991771913868128,4.160154772140998,119.511,1.170440640874417e-05,107.042,11808.14,1.6679441018912833,53.6,1.25
1996Q3,0.0,122.5,0.5754475703324768,3.1287231557615147,0.5627700774719635,4.524552429667523,118.893,7.466528579341818e-06,107.093,11914.063,0.8970337411311258,51.1,1.252
1996Q4,0.0,122.3,0.8688281415554222,2.694563422519436,0.6298130212656794,4.111171858444578,119.27,1.9462846413330643e-05,107.067,12037.775,1.0383695301930065,55.2,1.27
1997Q1,0.0,122.1,0.6092436974789894,2.12459493093804,0.8147935020121899,4.45075630252101,123.197,1.5735288717133508e-05,107.891,12115.472,0.6454431985977394,53.8,1.182
1997Q2,0.0,122.7,0.2296930465650604,2.237603956406176,1.007234193155515,4.820306953434939,124.998,8.493446546074494e-06,106.938,12317.221,1.665217830555843,54.9,1.362
1997Q3,0.0,123.5,0.4999999999999893,3.967056063461572,1.2233500874776482,4.5500000000000105,129.051,3.95670871313152e-05,106.75,12471.01,1.2485689750959317,53.9,1.426
1997Q4,0.0,124.1,0.5389718076285188,-0.4864953830612029,1.4913958190596155,4.551028192371481,134.535,-1.6107119873100263e-05,107.9,12577.495,0.8538602727445443,54.5,1.408
1998Q1,0.0,124.9,0.2061855670103085,1.813030321349496,1.974010909657764,4.843814432989691,147.779,-4.707206644207348e-05,109.022,12703.742,1.0037531320823412,52.9,1.519
1998Q2,0.0,127.0,0.3292181069958877,1.7937405613239532,1.3311978540864189,4.650781893004113,147.641,2.1923121648394705e-06,109.741,12821.339,0.9256878799962952,48.9,1.552
1998Q3,0.0,128.1,0.5127153404429929,1.5605069253754378,1.7508916345486014,4.307284659557007,148.551,2.038415997117108e-05,109.707,12982.752,1.258940271371034,48.7,1.362
1998Q4,0.0,129.4,0.4692919812283147,1.7011380654837316,1.876400307010684,3.780708018771685,149.128,-2.0675479815329905e-05,109.538,13191.67,1.609196570958149,46.8,1.649
1999Q1,0.0,130.4,0.3655564581640957,2.342907558082552,1.5316132094968182,4.044443541835904,150.091,2.140285076366756e-05,109.9,13315.597,0.9394337487217186,52.4,1.679
1999Q2,0.0,131.3,0.7486847430190346,2.6470098284191224,1.958197984316623,3.7013152569809655,153.867,6.98688212800736e-07,109.622,13426.748,0.8347428958686454,55.8,1.811
1999Q3,0.0,133.1,0.7431211086563749,2.604006069556464,1.9462679554580475,3.9068788913436254,160.264,-2.8309697983107075e-05,109.221,13604.771,1.3258832295057754,57.0,1.684
1999Q4,0.0,133.9,0.7376395534290259,0.89602669890676,2.1278408290673845,4.302360446570974,168.891,-9.531997599374086e-06,109.265,13827.98,1.6406670865683814,57.8,2.036
2000Q1,0.0,134.8,0.9895111814763436,3.9988595402301153,2.43228113327687,4.530488818523656,180.13,-4.996029322397725e-06,112.828,13878.147,0.3627934087263806,54.9,2.168
2000Q2,0.0,135.7,0.783852635704485,3.8804282800495526,2.53669048173899,4.926147364295515,190.637,5.102001193961157e-08,110.474,14130.908,1.821287813135264,51.4,2.07
2000Q3,0.0,136.2,0.9138635037915676,1.4454347912834953,2.140299648186872,5.106136496208432,201.886,-1.751585444586596e-05,112.022,14145.312,0.1019325863560904,49.7,1.886
2000Q4,0.0,136.7,0.7129094412331449,0.38861701690176,2.2443555665571324,5.307090558766855,212.229,-3.286508352783235e-05,111.152,14229.765,0.5970387927816567,43.9,1.469
2001Q1,1.0,136.3,0.9565716472163645,-1.7456134804604728,2.366469087666001,3.863428352783636,222.248,-1.7587510328245485e-05,113.626,14183.12,-0.3277988076401672,43.1,1.294
2001Q2,1.0,138.4,0.70115595982565,-2.344998354975447,1.7491616662385745,2.95884404017435,226.792,7.1596739534478925e-06,111.694,14271.694,0.624502930243831,43.2,1.392
2001Q3,1.0,140.4,0.2822732404968109,-1.5234989150348932,1.8800874951065083,2.887726759503189,226.777,-1.61689235293437e-05,111.072,14214.516,-0.4006391953190746,46.2,1.158
2001Q4,0.0,141.4,-0.075060987051978,-3.887698755653657,1.6477314765293016,1.985060987051978,220.458,-6.383561027754122e-05,110.498,14253.574,0.2747754478590769,45.3,1.277
2002Q1,0.0,142.0,0.3192488262910853,-3.617807213060742,1.7938767516000098,1.4007511737089149,212.094,7.445577817951889e-05,108.748,14372.785,0.8363586564324121,52.4,1.284
2002Q2,0.0,143.2,0.7862223886184738,-2.505557562099714,2.569882876039564,0.923777611381526,203.887,2.203340450158645e-05,109.038,14460.848,0.6127065840058066,53.6,1.103
2002Q3,0.0,144.2,0.538632986627019,-1.1691927519232648,2.522134283781341,1.101367013372981,196.473,1.4741963835717543e-05,108.494,14519.633,0.4065114300350947,50.5,0.9135
2002Q4,0.0,145.6,0.5911694069832052,-0.9197900036322816,2.0110140553674327,0.7388305930167949,188.933,5.812239381833395e-05,108.462,14537.58,0.123605052551956,51.6,0.9102
2003Q1,0.0,146.1,1.028466483011936,0.7889355072131732,2.010765506845491,0.1315335169880638,181.781,-6.911589320882588e-06,107.592,14614.141,0.5266419858050542,46.3,0.8542
2003Q2,0.0,148.5,-0.1636066169787176,3.0256218305778626,2.126311188622232,1.2036066169787176,176.932,2.372385914776289e-05,107.826,14743.567,0.885621672871495,49.0,0.9752
2003Q3,0.0,149.2,0.7465404224326067,1.313360106160788,2.8624599203221024,0.1834595775673934,171.287,3.0438648570187667e-05,106.741,14988.782,1.663199956971062,52.4,1.013
2003Q4,0.0,149.3,0.3795409362009838,1.1033582936237796,3.219560519680797,0.5404590637990162,166.791,1.888176457262197e-05,106.879,15162.76,1.160721398176312,60.1,1.158
2004Q1,0.0,149.7,0.8462369463449804,-1.1862012303869518,3.338870826839724,0.0737630536550196,161.965,5.9572744208311226e-05,105.993,15248.68,0.5666514539569345,60.6,1.14
2004Q2,0.0,150.6,0.785574004642009,2.6283155601026564,3.8860436414884343,0.2944259953579911,160.58,3.4812375654314314e-05,106.388,15366.85,0.7749523237421174,60.5,1.1
2004Q3,0.0,151.4,0.6377325066430517,3.091759851878484,3.348743657836639,0.8522674933569483,161.078,3.29643354111788e-05,107.155,15512.619,0.9485938887930924,57.4,1.018
2004Q4,0.0,153.2,1.073754620665368,3.26000182090882,3.697143012178472,0.9362453793346316,165.715,-9.964307689878348e-06,106.095,15670.88,1.0202081286209586,57.2,1.101
2005Q1,0.0,153.3,0.5050505050504972,3.3522638152454265,4.036880520526953,2.034949494949503,171.913,6.228319952296962e-05,104.707,15844.727,1.1093633541958248,54.9,1.086
2005Q2,0.0,154.8,0.6757927568878719,2.5819661090007884,3.8863876806129127,2.184207243112128,175.779,5.413704778011997e-05,104.688,15922.782,0.4926244548107306,52.6,1.067
2005Q3,0.0,156.0,1.5146299483648873,2.760430071380915,3.400960157993893,1.8453700516351128,177.154,-4.052043241857833e-05,104.315,16047.587,0.7838140345072908,56.5,1.076
2005Q4,0.0,157.3,0.9325194981349538,1.823564239194786,2.7393154090025185,2.8974805018650462,175.067,9.774326332232116e-05,103.981,16136.734,0.5555165396517348,54.9,1.035
2006Q1,0.0,159.0,0.5207458424324019,4.232883027221668,1.8470219023033247,3.869254157567598,171.815,8.037452623811632e-06,104.602,16353.835,1.3453837684874737,54.7,1.089
2006Q2,0.0,160.9,0.9024064171123004,2.4241183765365992,-0.7187900925639035,3.7975935828877,175.397,-1.3822816636883053e-05,103.952,16396.151,0.25875276349554,52.4,1.006
2006Q3,0.0,162.3,0.9440211990725532,2.274978527588134,-0.749703189038442,3.965978800927447,183.804,6.668087012765242e-05,103.933,16420.738,0.1499559256315619,51.8,1.002
2006Q4,0.0,163.9,-0.410172272354381,1.4393687465806826,-0.0083785425574411,5.310172272354381,201.266,-4.49946434923992e-05,104.823,16561.866,0.8594498006118778,52.0,1.052
2007Q1,0.0,164.9,0.9803953871499128,1.8260087274364345,-0.982176644077537,3.999604612850088,226.705,-2.4901328740082435e-05,106.073,16611.69,0.3008356667056455,51.2,1.062
2007Q2,0.0,167.5,1.1325538256728551,2.3491797380651214,-3.0151683482818825,3.607446174327145,250.027,2.05905393961182e-05,104.952,16713.314,0.6117619579946387,53.2,1.103
2007Q3,0.0,169.2,0.6330124715071772,1.2510572851020418,-2.804368441730176,3.666987528492823,274.223,-6.708077151308739e-05,104.096,16809.587,0.5760257959612325,50.4,1.098
2007Q4,1.0,170.6,1.2266417875755442,1.1937230041503932,-3.249147995845103,2.163358212424456,296.538,1.0644700753704069e-05,104.334,16915.191,0.6282367318126258,48.7,1.043
2008Q1,1.0,171.4,1.083188565076032,1.3894528348601165,-3.979842974187964,0.956811434923968,316.924,-4.415441444508984e-05,105.77,16843.003,-0.4267643208994753,49.1,0.9784
2008Q2,1.0,171.2,1.3009373203260566,0.8429545410146622,-4.631213873810669,0.3290626796739433,330.362,-5.256204328049761e-06,104.3,16943.291,0.5954282618129358,50.0,1.0
2008Q3,1.0,172.0,1.5418805375084998,-0.8652431827333218,-4.541652124520734,-0.0518805375084998,331.896,7.586719089657445e-05,104.231,16854.295,-0.5252580505168858,43.2,0.8735
2008Q4,1.0,170.7,-2.2901902729738577,-3.768246621461291,-5.274229463915869,2.590190272973857,323.4,-0.000102876848543,106.13,16485.35,-2.189026595298116,33.3,0.7199
2009Q1,1.0,170.3,-0.6878696149613561,-8.64857847780145,-2.951985329761264,0.8978696149613561,310.407,-6.896814674742727e-05,102.041,16298.262,-1.1348742974823025,36.6,0.6534
2009Q2,0.0,170.9,0.5317571056592474,-5.137338929725688,-0.0021759750594263,-0.3617571056592473,301.832,-3.770328825776675e-05,102.951,16269.145,-0.1786509506351064,44.7,0.8185
2009Q3,0.0,171.1,0.8603933360498583,-1.7405494974516933,0.2809023904417174,-0.7003933360498583,296.427,3.146616374971549e-05,102.03,16326.281,0.3511923951750484,53.2,0.9983
2009Q4,0.0,169.5,0.7829333531466087,0.2659882532501267,0.5829853712848276,-0.7229333531466087,297.44,0.0001035692493107,100.997,16502.754,1.0809136508185713,56.4,1.046
2010Q1,0.0,167.5,0.1585034327051593,0.4756909198248449,-0.9205787041215884,-0.0485034327051593,301.273,8.206238849838471e-05,99.433,16582.71,0.4845009505686004,59.3,1.095
2010Q2,0.0,165.0,-0.0352694741168169,4.389707778346086,0.3168785545439867,0.1852694741168169,304.529,2.0379979115371973e-05,99.828,16743.162,0.9675861183124024,56.0,0.9061
2010Q3,0.0,162.9,0.2931467175544489,3.3213795739732044,-2.145145484935007,-0.1331467175544488,305.388,9.191051401988484e-05,99.616,16872.266,0.7710849360473171,56.4,1.014
2010Q4,0.0,160.7,0.8097240300212638,2.74924378943211,-0.852587736665189,-0.6697240300212638,304.717,-3.884311858190611e-05,99.121,16960.864,0.5251102608268665,57.3,1.298
2011Q1,0.0,159.0,1.0672177236431102,0.1344936044972655,-1.743226250665053,-0.9372177236431102,301.82,-6.457920286318162e-05,101.255,16920.632,-0.2372048971090112,59.3,1.357
2011Q2,0.0,157.7,1.1370135904199108,3.4380461463683787,0.5508587291608968,-1.0870135904199107,300.594,9.72911876946048e-05,99.687,17035.114,0.6765822931436682,55.8,1.314
2011Q3,0.0,156.8,0.6520658151564662,4.921877186547596,0.3866729119131662,-0.6320658151564662,301.649,1.417796128160613e-05,100.104,17031.313,-0.0223127359171404,53.2,1.106
2011Q4,0.0,156.1,0.4489026659863393,3.1219464255629825,-0.1101203129438843,-0.4389026659863393,303.139,2.8704017815220868e-05,97.84,17222.583,1.1230490567579965,52.9,1.232
2012Q1,0.0,154.5,0.5631718496290183,3.0444496179121705,0.9017856705048288,-0.4931718496290183,306.69,2.0861282342766035e-05,99.258,17367.01,0.838590819971663,53.0,1.378
2012Q2,0.0,153.4,0.2111016704186008,2.6109193147121346,2.5202560236964544,-0.1211016704186008,308.752,1.6148622176883603e-05,98.803,17444.525,0.4463347461653111,51.0,1.309
2012Q3,0.0,153.0,0.4514702283137106,-0.1586319539091718,1.9833845588888896,-0.3514702283137106,308.786,-3.712790332030332e-05,98.591,17469.65,0.1440279973229374,52.2,1.363
2012Q4,0.0,152.7,0.6649524381347582,0.2305881351571503,2.17493190357958,-0.5749524381347583,307.44,2.038578039491158e-05,101.167,17489.852,0.1156405537603655,50.4,1.362
2013Q1,0.0,151.5,0.4019547390319733,-0.1131631447130798,2.495971556934151,-0.3119547390319733,302.806,3.940803219947623e-05,98.992,17662.4,0.9865606638638448,51.5,1.524
2013Q2,0.0,151.6,-0.1094851757359127,0.8384461502195517,2.55867638066718,0.1594851757359127,300.454,-1.12961927839703e-05,99.71,17709.671,0.2676363348129262,52.5,1.498
2013Q3,0.0,151.6,0.540843370897881,2.2783479342791457,2.4711135984757604,-0.510843370897881,299.709,-1.91097590731056e-05,98.29,17860.45,0.851393569084391,56.0,1.532
2013Q4,0.0,151.6,0.3697671095870936,2.657240294431551,1.913027294541525,-0.3097671095870936,302.379,1.5097085137747332e-06,97.562,18016.147,0.8717417534272576,56.5,1.645
2014Q1,0.0,151.5,0.6227864390565996,3.339915346309996,1.304271561121606,-0.5727864390565995,305.695,-4.688517125152496e-05,99.981,17953.974,-0.3450959852847712,53.7,1.695
2014Q2,0.0,151.2,0.5310788653529741,3.544312441060571,0.6455145178777322,-0.5010788653529741,309.141,6.988496005913152e-05,98.313,18185.911,1.2918421292132942,55.3,1.768
2014Q3,0.0,150.4,0.2558340146661342,2.267155887362504,1.303542424396387,-0.2258340146661342,312.482,5.935742826671232e-05,97.572,18406.941,1.2153914093167906,56.6,1.726
2014Q4,0.0,150.6,-0.2484437176724863,0.8229068630421166,1.52472542193971,0.2684437176724863,315.302,4.261503205362924e-06,99.037,18500.031,0.5057331362120498,55.1,1.785
2015Q1,0.0,149.9,-0.6472810677323193,-0.5250679561331406,1.2615554577322108,0.6772810677323193,318.652,-3.144142321185433e-05,99.693,18666.621,0.9004849775657187,51.5,1.342
2015Q2,0.0,150.7,0.6819485458137597,-0.1569716880054694,1.1588294654593767,-0.6619485458137597,322.344,-2.093681483964849e-05,99.533,18782.243,0.6194050867588619,53.5,1.31
2015Q3,0.0,151.0,0.3777008777852808,0.275631968867196,1.412597532850146,-0.3377008777852808,326.383,2.2216509575012536e-05,99.681,18857.418,0.4002450612528241,50.2,1.198
2015Q4,0.0,150.8,-0.0075676357444653,-0.5872290010408121,1.4672748876520814,0.1275676357444654,330.769,-2.403930239057201e-05,100.174,18892.206,0.1844791264636436,48.0,1.255
2016Q1,0.0,151.4,-0.0620873399288846,-0.26068220661557,1.204626777517337,0.3520873399288846,335.492,8.36168741319317e-06,99.909,19001.69,0.5795194060450148,51.8,1.293
2016Q2,0.0,152.1,0.7997834708611151,1.4902355789417232,1.1154773834275211,-0.5397834708611151,340.739,-5.946039767203786e-05,99.458,19062.709,0.3211240684381167,53.2,1.29
2016Q3,0.0,153.0,0.4244745544826012,1.3173921511023368,1.377620062228324,-0.1244745544826012,346.507,5.996601754106031e-06,99.306,19197.938,0.7093902550786346,51.5,1.268
2016Q4,0.0,152.5,0.6347825364148019,0.8274743867925594,1.5551454240795517,-0.2047825364148018,352.802,-3.175797008276009e-06,99.274,19304.352,0.5542991127484687,54.5,1.284
2017Q1,0.0,152.7,0.7037406181684025,0.6539509830267853,1.3380695793231645,-0.1137406181684025,352.265,1.834194934736764e-05,99.721,19398.343,0.4868902100417571,57.2,1.327
2017Q2,0.0,153.4,0.1153768338628236,2.002878529274854,1.4136806034572125,0.7746231661371764,351.937,5.970152197986236e-06,100.101,19506.949,0.5598725623111145,57.8,1.264
2017Q3,0.0,153.4,0.4780435851220677,1.0459787961251354,1.5163973701025846,0.5619564148779324,351.798,-2.176958668252514e-05,100.062,19660.766,0.7885241305547019,60.8,1.338
2017Q4,0.0,154.1,0.7955306776687543,2.6466672030772687,1.5872565014197093,0.4144693223312456,351.852,2.2488287432276828e-05,100.127,19882.352,1.1270466267692791,59.3,1.364
2018Q1,0.0,153.3,0.8426417154837162,3.524479485377041,1.5423959518453323,0.7173582845162838,351.932,9.86576010964819e-06,99.831,20044.077,0.8134098018182323,59.3,1.354
2018Q2,0.0,153.9,0.5444105004913213,1.452618435592079,1.142422247462349,1.2955894995086787,354.553,2.840993013103965e-05,99.597,20150.476,0.5308251410129694,60.2,1.395
